File,BPR_single,MSE_single,PCC_single,Ret_single,BPR_dual_real,MSE_dual_real,PCC_dual_real,Ret_dual_real,BPR_dual_const,MSE_dual_const,PCC_dual_const,Ret_dual_const,BPR_dual_ramp,MSE_dual_ramp,PCC_dual_ramp,Ret_dual_ramp,BPR_dual_random,MSE_dual_random,PCC_dual_random,Ret_dual_random,activity
s10_run.csv,15.473160255810745,64.70390407070853,0.43401374738524745,34.94558645707376,19.18067420459231,27.553647039228988,0.4332140657169519,28.053204353083434,20.214482023124187,21.71692387294154,0.4331885125288188,27.569528415961305,17.863937427212917,37.312364261224424,0.42433472503634634,27.9322853688029,16.49591149284119,51.12759472219282,0.4309320172950134,33.61547762998791,run
s10_sit.csv,15.435299562517692,30.271967005632295,0.387808445160486,23.013245033112582,20.936405508858048,8.529627133979098,0.38488605287490857,22.516556291390728,20.934776184104198,8.532827759470749,0.3848562874068367,22.516556291390728,20.63744707468779,9.137468444199536,0.38358321169003995,20.198675496688743,17.832606881032582,17.430502582348044,0.38490081688319444,22.350993377483444,sit
s10_walk.csv,8.475272513609651,504.3134243078426,0.3720101054128307,38.102409638554214,11.436288392976394,255.03450405384052,0.2505167749618251,29.66867469879518,20.311589143250167,33.04219316970017,0.42166495328538256,33.28313253012048,12.634086178922146,193.56158167441447,0.4163092674444615,33.8855421686747,18.715334788440376,47.71932603847138,0.41175513586306606,34.33734939759036,walk
s11_run.csv,11.95371922865842,447.94996072835517,0.2168726881069279,42.74691358024691,19.510171195114314,78.6292813236505,0.33555318626954683,40.74074074074074,19.52422742314497,78.37520384732244,0.3354058548094619,40.74074074074074,15.152037869100134,214.48535242238393,0.3199789471308996,41.82098765432099,19.202899536404672,84.39398067733133,0.3336187560259541,41.358024691358025,run
s11_sit.csv,8.179648663503356,399.9470184158489,0.523155479233395,61.43344709897611,20.688100356295823,22.4469476756413,0.2976830949186612,69.62457337883959,23.98722226706408,10.501349269639986,0.30205579851869396,77.81569965870307,19.88404318638962,27.012389990464236,0.30176903277960704,74.2320819112628,14.763921735480519,87.81630433707214,0.26335959172517126,48.80546075085324,sit
s11_walk.csv,16.373399180944944,207.1255577916511,0.1823788263725071,52.0979020979021,20.940841886206208,72.35847753350811,0.2551411422234401,48.95104895104895,21.310239819468816,66.45836110071485,0.26169475666413244,50.17482517482517,19.785132209435176,94.41921559746572,0.2532877295435467,48.95104895104895,17.934031734199568,144.60071342364978,0.24270083317077099,49.3006993006993,walk
s12_run.csv,7.0736788260477645,774.6668244405308,0.24886454777069383,39.04,18.990031171632623,49.82871905141936,0.3095305220073346,39.52,19.022474273922448,49.45787045286025,0.30874482977664724,39.52,13.014568065087932,197.25409754643684,0.30209797389054155,38.88,17.868950102278383,64.50417571172744,0.3058971233075921,38.08,run
s12_sit.csv,8.550248285847742,159.7276728537847,0.39913400789232434,15.280135823429541,12.512590411506254,64.1425101675624,0.38365632317048237,6.621392190152801,17.119117809158265,22.207169731760352,0.38173743727016196,6.451612903225806,17.040400554246,22.61335170858269,0.38093335218891855,6.281833616298812,14.702318325217716,38.74120816822001,0.3795086511582121,6.451612903225806,sit
s12_walk.csv,8.469494018360525,849.4301492093056,0.23271795256209143,51.904761904761905,20.085860532177513,58.545163089890636,0.29786950382122596,53.333333333333336,20.084411161560322,58.564704622968236,0.2978312435062846,53.333333333333336,14.24698431776104,224.58391154082895,0.31774510697372277,53.80952380952381,18.945184038954853,76.13049778673194,0.30050178418503776,52.53968253968254,walk
s13_run.csv,12.784838859850563,210.1565377898574,0.28267526727888403,55.240793201133144,24.009129264559846,15.85308778916816,0.3533676198764233,76.34560906515581,24.076912660843448,15.60757839369018,0.3532901444592485,76.06232294617564,20.400214368666532,36.39195226812032,0.34793398199006537,62.46458923512748,14.834403708819133,131.09508823029105,0.34713636904291756,58.07365439093484,run
s13_sit.csv,2.9208983613326227,4120.31148844964,0.6679058082638862,63.349917081260365,22.583661514533414,44.5301065061567,0.34846423682380007,58.872305140961856,22.763539016538715,42.72341735197947,0.34786284261466827,58.872305140961856,21.51689013446175,56.928648263903824,0.3461120128821469,54.56053067993366,6.523456357034908,1797.5221455666858,0.3004925670503011,24.875621890547265,sit
s13_walk.csv,11.787809946101234,535.8269257063336,0.20787865170672853,37.96296296296296,18.528947543427012,113.47776503826182,0.2512785252615836,14.583333333333334,18.88532649016543,104.53768516263865,0.24747836503064283,14.814814814814815,14.32579161736241,298.6939088671451,0.2660195812765843,15.74074074074074,10.671644518849702,692.8529591628259,0.3487327233338994,31.944444444444443,walk
s14_run.csv,11.24326047209424,216.03771023388163,0.27102052641831664,39.175257731958766,21.121885212783763,22.216062652281117,0.3098141824594699,39.00343642611684,21.11271811680039,22.26300588505656,0.3097935171377584,39.00343642611684,18.22492027649566,43.287607705347696,0.2989405046731436,39.69072164948454,20.374111181788273,26.390310171341348,0.3058293476962408,37.628865979381445,run
s14_sit.csv,15.650733422289246,98.95614810780998,0.23509012431865525,59.234234234234236,21.382207344489252,26.442066292713324,0.23845003521353192,77.25225225225225,21.41672593289883,26.232732510789532,0.23833466821136073,77.25225225225225,17.449914851834613,65.39200280203396,0.20980076517238994,48.42342342342342,20.198091791317502,34.730172870373785,0.24114900375318632,57.88288288288288,sit
s14_walk.csv,7.593563314684716,247.01457765214823,0.21034220723864655,51.09489051094891,20.092496016499894,13.894064603037682,0.29866848191405093,58.941605839416056,20.128200274691388,13.780306844263349,0.2980512754739887,58.941605839416056,16.76459797873268,29.896415290044356,0.28505222624645704,59.67153284671533,13.634765388289892,61.46138982138223,0.24156040767379314,54.92700729927007,walk
s15_run.csv,11.333578293149708,291.1745578368835,0.3868996419934466,50.23980815347722,20.03324901748018,39.28134522844663,0.4317925764165653,61.63069544364508,23.64866630782666,17.086166069209074,0.42736750817965985,61.750599520383695,19.17881323057532,47.82224178789044,0.4250584347330823,56.115107913669064,18.136441801290538,60.79488955623677,0.41103514226484794,51.43884892086331,run
s15_sit.csv,18.125607379735204,14.174792416265879,0.3777274225296093,47.07602339181287,23.309205712572343,4.296916103753029,0.3807983794322739,48.24561403508772,23.308138519531543,4.297972115886559,0.38078659046576807,48.24561403508772,15.631945205160173,25.169983161733185,0.36948176348619055,42.83625730994152,21.355879124865233,6.737356575315709,0.3808402924294166,47.514619883040936,sit
s15_walk.csv,18.210727970177242,98.47857617760033,0.35034761095689587,46.38783269961977,20.04497070690611,64.55315710417341,0.3732829900984154,50.06337135614702,20.04572016425728,64.5420181959072,0.3732436394996748,50.06337135614702,18.924550876922112,83.55250405893447,0.36589143876882396,48.542458808618505,19.063051088337556,80.92998297635054,0.358831081949324,49.68314321926489,walk
s16_run.csv,2.5655795402455657,1655.4940118575453,0.35036169601241535,42.244224422442244,18.605799870874677,41.200793574868726,0.4181561140475738,32.34323432343234,18.588516235557066,41.36508724538296,0.41826009523632574,32.34323432343234,12.814816541046044,156.31617306835935,0.4191288810806453,33.4983498349835,17.11442489208909,58.082202818757324,0.4156129695105867,32.67326732673267,run
s16_sit.csv,13.834111748633743,51.99381419066282,0.41917628246065286,12.595419847328245,18.786573205431885,16.622851767968932,0.41936668837876534,11.068702290076336,19.56032086870303,13.910116451868657,0.41983279463704387,11.068702290076336,3.03771989441324,624.5840122869272,0.3478292601763801,18.129770992366414,12.736168105638475,66.9493002440764,0.41924869867274933,11.641221374045802,sit
s16_walk.csv,1.2510137950157907,1803.4244516245908,0.398986843169162,49.158249158249156,18.332276385436767,35.31601516955598,0.41559949253190454,30.63973063973064,21.348805628895427,17.632698042651242,0.413619150502264,30.303030303030305,14.763566208802853,80.32351632809197,0.4195346422578916,30.303030303030305,20.31908045520781,22.350708151791515,0.41046534423429437,29.7979797979798,walk
s17_run.csv,3.4554032115908506,815.4389321566955,0.4200544945355715,30.35264483627204,19.699410065717103,19.363807522239565,0.4940435965632563,16.876574307304786,19.70155070683823,19.354265437216227,0.4940240073752232,16.876574307304786,10.066998232510258,177.92293760063177,0.4951080235288129,19.8992443324937,6.487314509726911,405.6956141145501,0.48977828638652,27.95969773299748,run
s17_sit.csv,20.73114010370306,32.53808035999966,0.43249439214845076,37.381703470031546,20.822975845905756,31.857255099829228,0.43048254760370697,37.22397476340694,21.887024900998505,24.93465982574614,0.4263579919837669,37.53943217665615,18.82764826914322,50.43605514120349,0.4267073097936468,34.85804416403786,19.088948572598895,47.49097441868499,0.42990247501132395,38.958990536277604,sit
s17_walk.csv,17.764550564860023,40.090902894700456,0.44985368851371693,42.18958611481976,20.88267446230407,19.553902593452527,0.4537555912912027,44.32576769025367,21.426441335383394,17.25268766584728,0.4539847680961284,43.524699599465954,19.111568982966677,29.399774232321892,0.4514118296304277,38.98531375166889,20.651511776579497,20.622899055959437,0.4533383584721448,43.524699599465954,walk
s18_run.csv,17.455023173075432,19.609993017191275,0.4645300528134059,8.390646492434662,20.388741278179797,9.979427525842889,0.4702229824017238,5.089408528198074,20.460267968608733,9.816416109218535,0.47022768454089636,5.089408528198074,18.472322072087266,15.514848857103,0.46685982740286436,6.6024759284731775,18.026944843823433,17.190371881943307,0.46602045111168194,7.565337001375516,run
s18_sit.csv,13.74188064647123,86.70361415704109,0.459423645492572,13.14935064935065,19.999642232995644,20.523954460430215,0.4075257232404079,0.3246753246753247,21.880567770643626,13.309706802875805,0.40376404381516523,0.16233766233766234,21.546466817972313,14.374031221825927,0.4031215565524465,0.16233766233766234,21.602131124556347,14.190972328151382,0.40321056424523993,0.16233766233766234,sit
s18_walk.csv,21.3605176826785,13.344985697885779,0.44360487800789933,36.950904392764855,22.14692865402887,11.13466141725598,0.4438347424712148,37.338501291989665,22.142922924280022,11.144936247417256,0.44381248678278373,37.72609819121447,21.930653926430608,11.703196265151822,0.4430572010170746,36.82170542635659,22.12283192301983,11.196613545106857,0.44372435168903,37.46770025839793,walk
s19_run.csv,15.853702148463514,85.8347831290353,0.22374381669970272,51.824817518248175,21.706617635595826,22.303435546792247,0.300831924357591,46.13138686131387,22.018307324809573,20.758826376835426,0.2981977209582596,45.98540145985402,19.896228067857255,33.838470310061915,0.27033232812012076,47.00729927007299,21.869708769504083,21.481403462696733,0.2937028931494308,45.839416058394164,run
s19_sit.csv,12.685985276532147,153.76306130600724,0.354920430584042,39.97005988023952,23.2171770550071,13.60607432544854,0.32599136881333185,30.838323353293415,23.173150986889176,13.744705719984063,0.32594477788720655,30.688622754491018,11.102242029143572,221.42484106634623,0.27591903444535354,30.389221556886227,22.6070743880957,15.658245781191606,0.3251952726997319,30.98802395209581,sit
s19_walk.csv,9.221850649950357,1101.4831889675465,0.26250464000723617,55.14705882352941,16.223029441612994,219.7151450764938,0.318686333080644,52.94117647058823,16.971992903365813,184.91138347077393,0.3164655803459275,52.75735294117647,9.7926040650202,965.8340935445037,0.35523588488923213,53.30882352941177,8.81367502916611,1210.0280427576988,0.3626607815116839,54.411764705882355,walk
s1_run.csv,10.739229039748402,189.2609700885395,0.3160481353968142,45.220030349013655,21.564382363124984,15.65113110698494,0.38693209167263254,47.040971168437025,21.428156355965253,16.149843947323454,0.388393901669103,46.433990895295906,14.702420942282597,75.98745016281605,0.3870251821505685,47.79969650986343,20.321958371365085,20.834742084447466,0.3884106601253585,46.13050075872534,run
s1_sit.csv,6.747969758093237,287.17268342828,0.4624399949831314,50.57096247960848,16.172421747261495,32.78671665226158,0.40781167887145636,61.33768352365416,18.967604238957357,17.22581101674154,0.4049889489344794,61.33768352365416,12.795597921631161,71.34775462108138,0.40556878163908133,60.68515497553018,13.46959301281518,61.09150172508267,0.40473644978131484,52.20228384991844,sit
s1_walk.csv,11.05061998709354,370.3412866367267,0.44074249583929387,36.422976501305484,19.95476965076959,47.663635500482364,0.4582703095776185,36.55352480417755,20.254699746842114,44.483008814042336,0.45735233502255734,36.422976501305484,15.00165962222553,149.10704640417313,0.4472379886773588,36.684073107049606,18.57207945762155,65.53241668064855,0.45758318501379325,35.639686684073105,walk
s20_run.csv,12.892953365799961,164.38872127366534,0.23626859149183105,35.674157303370784,21.63800306563951,21.94658984342343,0.33840537827701744,36.79775280898876,21.403513952373512,23.164128133110417,0.3380559173165665,36.938202247191015,18.88381276565213,41.379579901100946,0.313053400701578,34.550561797752806,16.036658807939013,79.70791940916234,0.28837619702402106,35.39325842696629,run
s20_sit.csv,19.3912873965825,75.49740006265829,0.3721368836576324,23.993808049535605,22.40887051608049,37.68544812735132,0.36769851046282154,21.362229102167184,23.58048971734151,28.77476356446009,0.3664995706759176,21.207430340557277,23.03890616448512,32.59643607083889,0.3654190286004184,19.96904024767802,23.63016442507864,28.44751224584966,0.3656227906568569,21.207430340557277,sit
s20_walk.csv,16.699773040800192,252.85876799707796,0.30601883419727266,63.30708661417323,19.86310853461687,122.05187855190199,0.32893724105124583,66.77165354330708,19.70662864156895,126.5296939352126,0.32855119326460924,66.77165354330708,9.814878500299333,1234.1486476001655,0.1183687649978746,52.75590551181102,18.853846844760014,153.98224146135405,0.2693793558494814,63.93700787401575,walk
s21_run.csv,5.429431924737681,3144.5796807530674,0.32631938383263537,44.42953020134228,13.36876835601297,505.39269547506876,0.3956987646387473,52.348993288590606,22.460127601480927,62.3007157520848,0.4371132407839397,58.12080536912752,14.604525565862483,380.2360062043702,0.43807225111221937,53.95973154362416,21.45477785301191,78.52862821422165,0.4341099493512562,56.77852348993289,run
s21_sit.csv,20.38098716187762,37.518361195827836,0.4720734101961272,8.860759493670885,21.73784524794332,27.45099252349372,0.4703753067221914,9.335443037974683,21.83834567692013,26.8230407019151,0.47034985185801914,9.335443037974683,18.02323862800771,64.56820505048567,0.46880309094925887,11.075949367088608,18.80399921740149,53.943938875033815,0.4702827743613079,9.018987341772151,sit
s21_walk.csv,17.51681285927154,110.66238221654942,0.44251523991789576,43.27956989247312,21.51640293016218,44.059646449970224,0.4456146627697317,41.39784946236559,21.528945552947366,43.9325837505453,0.44553544104520343,41.263440860215056,18.379385293860217,90.72829959560664,0.44405334693362,42.06989247311828,19.662081273504434,67.52633415870575,0.4419241154182898,41.935483870967744,walk
s22_run.csv,7.583320591228184,1137.2873522813054,0.3569769980854795,34.088050314465406,18.935445840485738,83.30243271645222,0.4226955286418397,35.84905660377358,19.049526937589874,81.14272244592513,0.4221187306830333,35.84905660377358,12.489775245432881,367.472415391802,0.40298952892882234,38.490566037735846,5.973873524076188,1647.4601415290103,0.2771654082185334,33.83647798742138,run
s22_sit.csv,18.691749799394834,41.95465803127104,0.4158987842121891,29.52815829528158,21.053320758090173,24.35696037949402,0.4089748367441874,27.397260273972602,21.04755070470834,24.389342638643928,0.40898299328717225,27.397260273972602,19.37097719973981,35.88041400641763,0.40891746197644946,26.331811263318112,19.5896474860066,34.11853829629111,0.4088184230476836,26.331811263318112,sit
s22_walk.csv,3.822269744470363,2095.889856597019,0.3628899309425072,41.666666666666664,3.35284662659241,2335.128409796884,0.1870620041143176,20.256410256410255,21.227101395722087,38.09651865610768,0.43233646528455877,30.641025641025642,17.014183343456924,100.50255344783346,0.4315972126293958,31.153846153846153,9.061985188795909,627.1868028015524,0.43362778020476483,38.97435897435897,walk
s2_run.csv,10.518800311452182,573.1173889286603,0.43191483074643355,35.26834611171961,15.615556384627268,177.242545356473,0.4365435355832973,38.77327491785323,15.612024561544349,177.38674334780015,0.4365360827874731,38.882803943044905,13.787062778316542,270.03330935028026,0.4287217602094354,38.77327491785323,15.249199535676548,192.84290412943506,0.4346736888451495,38.11610076670318,run
s2_sit.csv,16.75686617428535,229.33019900557406,0.5326999963132895,1.2133468149646107,24.546868780786724,38.147052519088135,0.5222238003458677,0.3033367037411527,24.56886999218428,37.954289520384854,0.5221926167383948,0.3033367037411527,18.75722363439112,144.68566406248783,0.5198949860356094,0.4044489383215369,16.630302540632083,236.1117560823584,0.5206571676838609,1.2133468149646107,sit
s2_walk.csv,6.181038362383568,1184.4361065868245,0.445170569551563,35.204081632653065,18.042320042461192,77.1584456135113,0.4901420485836757,34.05612244897959,19.204094150670418,59.048117865248344,0.49864707257833696,33.92857142857143,14.21773181844916,186.14110702334543,0.5024182550962895,33.92857142857143,16.564781339731457,108.42697468206502,0.4963217571624078,33.16326530612245,walk
s3_run.csv,9.21702855207622,261.53972771211085,0.410133277620128,14.264919941775837,19.4276784670634,24.915676058930583,0.448529003968552,17.17612809315866,20.647302356386188,18.815262720822066,0.4516754583284339,13.682678311499272,18.789154307213195,28.86191157173034,0.45036146979362845,16.739446870451236,20.4221830786756,19.81628385497514,0.45140264135217295,14.55604075691412,run
s3_sit.csv,17.486658792192948,223.01356349317274,0.4177690090231001,4.983388704318937,17.931260118753574,201.3126865507472,0.41457894637253967,5.3156146179401995,21.976008669109554,79.32248104275413,0.4116140837404362,5.3156146179401995,22.383851037851173,72.21244548713454,0.41103868384978987,4.8172757475083055,21.473598512317285,89.05069335416854,0.41209590336455765,5.3156146179401995,sit
s3_walk.csv,9.985006283396833,398.70637082668276,0.4392495044909125,11.379800853485063,23.01929161625775,19.825522498914374,0.47390890697997656,1.8492176386913228,23.532858508583992,17.6144039869121,0.4765679940667805,1.9914651493598863,19.36269559520737,46.01339140615158,0.4717692387695018,2.275960170697013,13.845414971271586,163.91258763486545,0.4539034283501235,4.978662873399715,walk
s4_run.csv,12.269589058850368,128.65000352197103,0.26485586270270484,46.476964769647694,22.761409879514968,11.487558085767448,0.31814456792575374,62.737127371273715,23.332408881181617,10.07228069467966,0.3235894295166942,64.36314363143632,18.35148667245718,31.711737734467544,0.3174768297302847,62.330623306233065,16.153059619862287,52.60932702111371,0.34267703886090967,52.4390243902439,run
s4_sit.csv,23.263739978243873,15.374565302619528,0.2936778543360266,79.29515418502203,24.532144206334692,11.480542817676213,0.309330774837603,86.9309838472834,24.95671402850922,10.41131149869046,0.3100539532437053,90.7488986784141,25.201359911284595,9.841036716887913,0.3071859276854811,85.75624082232012,24.93874459088723,10.454478750061785,0.30715673915298525,90.60205580029368,sit
s4_walk.csv,11.039339167759872,358.6726219848535,0.24775474607292042,40.11220196353436,24.48793740410387,16.212067525220583,0.30531897599895097,54.27769985974754,24.603763369051844,15.785407855866293,0.3052011435587548,54.137447405329596,21.017941597125407,36.04441527659254,0.30693466835148037,51.4726507713885,11.391559294602683,330.7319983017744,0.35195426383185935,52.31416549789621,walk
s5_run.csv,6.276631386968346,867.685407133303,0.31186747539788856,31.89252336448598,21.767383030001277,24.506829493314193,0.415975470766579,33.0607476635514,22.30112669517259,21.672687188009558,0.4152087961254394,32.94392523364486,19.410584209835477,42.166447277673015,0.4125090881920302,32.59345794392523,21.846976742745703,24.061780345680656,0.4142131346711541,33.87850467289719,run
s5_sit.csv,2.82551370391843,1903.5673849453842,0.4102230418999226,42.63322884012539,18.360913582575552,53.21428941539889,0.3862330508618623,17.398119122257054,22.623849144984696,19.940438803311153,0.3838695326792497,17.24137931034483,12.917446347986978,186.36956465497911,0.3726172125501135,20.062695924764892,16.105826925007417,89.4410590672104,0.3777748624540126,19.435736677115987,sit
s5_walk.csv,9.678945695969011,596.626061881892,0.3050567692623597,24.732620320855617,21.9702822139973,35.202099693218344,0.4119242856677103,28.609625668449198,21.889770168288468,35.860783429395575,0.41189945014864376,28.609625668449198,16.630885805478336,120.36721423627233,0.4117667616609045,28.074866310160427,14.382757030485262,201.985915400011,0.3934962575665186,30.21390374331551,walk
s6_run.csv,7.295559051425924,1573.2297711647147,0.37345179803021294,26.005361930294907,18.67296830236723,114.56480787585582,0.42405326323804116,24.396782841823057,21.311669978262575,62.39949336203568,0.4220834090825417,24.396782841823057,14.896897336342418,273.31176560873416,0.4157976722313629,23.458445040214478,10.128105679406483,819.4783671811063,0.39987658972816653,26.943699731903486,run
s6_sit.csv,16.878886139795604,147.36723218204298,0.4264619587567444,6.531881804043546,22.7082709003996,38.500152584468566,0.4093522160674812,2.177293934681182,23.344275013545985,33.25538954407113,0.40986686355644764,1.8662519440124417,23.107543757848212,35.11843588808896,0.4097092232802256,1.8662519440124417,20.820847158065767,59.45725088734413,0.4076541741768507,3.421461897356143,sit
s6_walk.csv,6.949526099029204,1335.531252428577,0.3285673374725414,40.452616690240454,18.504409388213713,93.36104977337777,0.37762643388455464,30.693069306930692,19.05418710539742,82.25985784392572,0.3767744435345608,28.28854314002829,15.295584268814114,195.45565418267051,0.3758193716405691,29.27864214992928,18.50242316402656,93.40375774999305,0.3771601422695776,30.127298444130126,walk
s7_run.csv,4.275015317453675,1167.2334451217414,0.3062157723684264,32.314410480349345,21.118968094960845,24.141399629939357,0.41033760133487085,38.28238719068413,21.572945112057976,21.745266952506277,0.4135740883061403,40.02911208151383,16.027694084866805,77.96323408546642,0.4104754630556511,38.13682678311499,21.05053304857408,24.524826854142614,0.4101716917299703,39.301310043668124,run
s7_sit.csv,10.92843360682438,119.62919943385418,0.3955762991844548,53.49264705882353,20.160563500498693,14.276580781454488,0.3542843765726998,75.0,21.45760792120924,10.590580482878297,0.3539123115763946,75.0,21.074064528029027,11.568421509821864,0.3523579788057123,67.83088235294117,19.960315109576612,14.950270347971623,0.3543158069375355,56.98529411764706,sit
s7_walk.csv,7.108158577675631,880.1517803350024,0.3066129162456392,38.009049773755656,18.758990511170108,60.183075634473376,0.3967586479596371,38.914027149321264,20.437342647681493,40.89207651805772,0.39126628650059175,37.254901960784316,16.744151878837933,95.71020394871456,0.3925194016111491,38.763197586726996,12.673423270529536,244.36055480495452,0.381053919786974,36.048265460030166,walk
s8_run.csv,10.746468223766701,358.42280634712125,0.09014465021089209,48.28150572831424,20.61646227403,36.93143908618675,0.2842284203222577,48.772504091653026,20.616529230763,36.93086970537551,0.28420314894382626,48.93617021276596,16.163946664044563,102.95508272201891,0.30940191914740506,53.682487725040914,20.360035293507693,39.177699332243016,0.2849086293276867,48.93617021276596,run
s8_sit.csv,21.800850044957212,29.279264045651402,0.33199773671511784,31.213872832369944,21.197894802109268,33.639976250572424,0.3315403852592534,28.46820809248555,23.223032523788394,21.102888697305218,0.34539294640688434,31.647398843930635,16.437053799748675,100.67920574512462,0.2953042955164764,33.23699421965318,21.84140534683113,29.007120965276513,0.3383819434842155,29.479768786127167,sit
s8_walk.csv,19.35551030996136,69.4665270396842,0.13992295173902447,49.747899159663866,21.87005899336676,38.93325539261579,0.23630547873659827,48.23529411764706,21.87712171250976,38.86999159539047,0.23624640452617782,48.403361344537814,20.570023315570506,52.51994787880148,0.25677807936886793,49.411764705882355,20.487656107533777,53.5255338122706,0.25598541363238414,49.075630252100844,walk
s9_run.csv,17.327085015025105,44.6118242367431,0.3358320964940697,41.21813031161473,21.616780795643642,16.61423711826713,0.3602440718772738,45.32577903682719,21.632107385506277,16.5557075224713,0.3588411098516088,44.90084985835694,19.764534031148234,25.45101347384241,0.3592634959961352,44.05099150141643,20.66897516094027,20.666216173099613,0.3567106137428958,46.17563739376771,run
s9_sit.csv,9.515716814835288,249.56738652652933,0.46185608021860614,45.69892473118279,21.102425247411297,17.318767734453605,0.39606725915732993,35.842293906810035,22.435309004068216,12.741736282322314,0.393159516714511,35.842293906810035,14.581438457164888,77.73483245896625,0.3949008100942059,38.70967741935484,9.77315302461044,235.20373290682184,0.37875413004995073,36.02150537634409,sit
s9_walk.csv,8.406407156632106,255.73522683580077,0.2560297725607805,44.63722397476341,21.59805755783418,12.263812864208509,0.38788812673896966,41.00946372239748,21.876685660195957,11.501717718049502,0.38707620034230994,41.00946372239748,16.988730549792116,35.44526402862707,0.39446805989842104,38.64353312302839,12.493345788013578,99.79222178164194,0.4019889975722293,41.32492113564669,walk
