signal,GT,Det,TP,FP,FN,Sens%,PPV%,record,activity
s_raw_uncal,829,828,828,0,1,99.87937273823884,100.0,s10_run,run
s_obs,829,828,828,0,1,99.87937273823884,100.0,s10_run,run
s_clean_single,829,828,828,0,1,99.87937273823884,100.0,s10_run,run
s_clean_dual,829,828,828,0,1,99.87937273823884,100.0,s10_run,run
s_raw_uncal,604,604,604,0,0,100.0,100.0,s10_sit,sit
s_obs,604,604,604,0,0,100.0,100.0,s10_sit,sit
s_clean_single,604,604,604,0,0,100.0,100.0,s10_sit,sit
s_clean_dual,604,604,604,0,0,100.0,100.0,s10_sit,sit
s_raw_uncal,708,708,708,0,0,100.0,100.0,s10_walk,walk
s_obs,708,708,708,0,0,100.0,100.0,s10_walk,walk
s_clean_single,708,708,708,0,0,100.0,100.0,s10_walk,walk
s_clean_dual,708,708,708,0,0,100.0,100.0,s10_walk,walk
s_raw_uncal,720,720,720,0,0,100.0,100.0,s11_run,run
s_obs,720,720,720,0,0,100.0,100.0,s11_run,run
s_clean_single,720,720,720,0,0,100.0,100.0,s11_run,run
s_clean_dual,720,720,720,0,0,100.0,100.0,s11_run,run
s_raw_uncal,588,588,588,0,0,100.0,100.0,s11_sit,sit
s_obs,588,588,588,0,0,100.0,100.0,s11_sit,sit
s_clean_single,588,588,588,0,0,100.0,100.0,s11_sit,sit
s_clean_dual,588,589,587,2,1,99.82993197278911,99.66044142614601,s11_sit,sit
s_raw_uncal,676,675,675,0,1,99.85207100591715,100.0,s11_walk,walk
s_obs,676,675,675,0,1,99.85207100591715,100.0,s11_walk,walk
s_clean_single,676,675,675,0,1,99.85207100591715,100.0,s11_walk,walk
s_clean_dual,676,675,675,0,1,99.85207100591715,100.0,s11_walk,walk
s_raw_uncal,728,733,667,66,61,91.62087912087912,90.99590723055934,s12_run,run
s_obs,728,728,679,49,49,93.26923076923077,93.26923076923077,s12_run,run
s_clean_single,728,732,673,59,55,92.44505494505495,91.93989071038251,s12_run,run
s_clean_dual,728,729,675,54,53,92.71978021978022,92.5925925925926,s12_run,run
s_raw_uncal,589,589,589,0,0,100.0,100.0,s12_sit,sit
s_obs,589,589,589,0,0,100.0,100.0,s12_sit,sit
s_clean_single,589,589,589,0,0,100.0,100.0,s12_sit,sit
s_clean_dual,589,589,589,0,0,100.0,100.0,s12_sit,sit
s_raw_uncal,710,718,669,49,41,94.22535211267606,93.17548746518106,s12_walk,walk
s_obs,710,718,675,43,35,95.07042253521126,94.01114206128133,s12_walk,walk
s_clean_single,710,720,666,54,44,93.80281690140845,92.5,s12_walk,walk
s_clean_dual,710,719,672,47,38,94.64788732394366,93.46314325452016,s12_walk,walk
s_raw_uncal,706,705,705,0,1,99.85835694050992,100.0,s13_run,run
s_obs,706,705,705,0,1,99.85835694050992,100.0,s13_run,run
s_clean_single,706,705,704,1,2,99.71671388101983,99.8581560283688,s13_run,run
s_clean_dual,706,705,705,0,1,99.85835694050992,100.0,s13_run,run
s_raw_uncal,603,564,546,18,57,90.54726368159204,96.80851063829788,s13_sit,sit
s_obs,603,609,584,25,19,96.84908789386401,95.89490968801313,s13_sit,sit
s_clean_single,603,608,582,26,21,96.51741293532338,95.72368421052632,s13_sit,sit
s_clean_dual,603,613,586,27,17,97.18076285240464,95.59543230016313,s13_sit,sit
s_raw_uncal,684,684,684,0,0,100.0,100.0,s13_walk,walk
s_obs,684,684,684,0,0,100.0,100.0,s13_walk,walk
s_clean_single,684,684,683,1,1,99.85380116959064,99.85380116959064,s13_walk,walk
s_clean_dual,684,684,684,0,0,100.0,100.0,s13_walk,walk
s_raw_uncal,583,582,582,0,1,99.82847341337907,100.0,s14_run,run
s_obs,583,582,582,0,1,99.82847341337907,100.0,s14_run,run
s_clean_single,583,582,582,0,1,99.82847341337907,100.0,s14_run,run
s_clean_dual,583,582,582,0,1,99.82847341337907,100.0,s14_run,run
s_raw_uncal,444,452,443,9,1,99.77477477477477,98.00884955752213,s14_sit,sit
s_obs,444,464,443,21,1,99.77477477477477,95.47413793103448,s14_sit,sit
s_clean_single,444,465,443,22,1,99.77477477477477,95.26881720430107,s14_sit,sit
s_clean_dual,444,464,443,21,1,99.77477477477477,95.47413793103448,s14_sit,sit
s_raw_uncal,543,543,542,1,1,99.8158379373849,99.8158379373849,s14_walk,walk
s_obs,543,542,542,0,1,99.8158379373849,100.0,s14_walk,walk
s_clean_single,543,543,541,2,2,99.6316758747698,99.6316758747698,s14_walk,walk
s_clean_dual,543,543,542,1,1,99.8158379373849,99.8158379373849,s14_walk,walk
s_raw_uncal,836,836,836,0,0,100.0,100.0,s15_run,run
s_obs,836,836,836,0,0,100.0,100.0,s15_run,run
s_clean_single,836,836,836,0,0,100.0,100.0,s15_run,run
s_clean_dual,836,836,836,0,0,100.0,100.0,s15_run,run
s_raw_uncal,685,684,684,0,1,99.85401459854015,100.0,s15_sit,sit
s_obs,685,684,684,0,1,99.85401459854015,100.0,s15_sit,sit
s_clean_single,685,684,684,0,1,99.85401459854015,100.0,s15_sit,sit
s_clean_dual,685,684,684,0,1,99.85401459854015,100.0,s15_sit,sit
s_raw_uncal,822,822,822,0,0,100.0,100.0,s15_walk,walk
s_obs,822,822,822,0,0,100.0,100.0,s15_walk,walk
s_clean_single,822,822,822,0,0,100.0,100.0,s15_walk,walk
s_clean_dual,822,822,822,0,0,100.0,100.0,s15_walk,walk
s_raw_uncal,606,608,605,3,1,99.83498349834983,99.50657894736842,s16_run,run
s_obs,606,609,605,4,1,99.83498349834983,99.3431855500821,s16_run,run
s_clean_single,606,609,604,5,2,99.66996699669967,99.17898193760263,s16_run,run
s_clean_dual,606,610,605,5,1,99.83498349834983,99.18032786885246,s16_run,run
s_raw_uncal,524,524,524,0,0,100.0,100.0,s16_sit,sit
s_obs,524,524,524,0,0,100.0,100.0,s16_sit,sit
s_clean_single,524,526,524,2,0,100.0,99.61977186311788,s16_sit,sit
s_clean_dual,524,526,524,2,0,100.0,99.61977186311788,s16_sit,sit
s_raw_uncal,592,591,591,0,1,99.83108108108108,100.0,s16_walk,walk
s_obs,592,591,591,0,1,99.83108108108108,100.0,s16_walk,walk
s_clean_single,592,594,586,8,6,98.98648648648648,98.65319865319866,s16_walk,walk
s_clean_dual,592,591,591,0,1,99.83108108108108,100.0,s16_walk,walk
s_raw_uncal,795,795,795,0,0,100.0,100.0,s17_run,run
s_obs,795,795,795,0,0,100.0,100.0,s17_run,run
s_clean_single,795,795,795,0,0,100.0,100.0,s17_run,run
s_clean_dual,795,795,795,0,0,100.0,100.0,s17_run,run
s_raw_uncal,623,622,622,0,1,99.83948635634029,100.0,s17_sit,sit
s_obs,623,622,622,0,1,99.83948635634029,100.0,s17_sit,sit
s_clean_single,623,622,622,0,1,99.83948635634029,100.0,s17_sit,sit
s_clean_dual,623,622,622,0,1,99.83948635634029,100.0,s17_sit,sit
s_raw_uncal,750,750,749,1,1,99.86666666666666,99.86666666666666,s17_walk,walk
s_obs,750,750,749,1,1,99.86666666666666,99.86666666666666,s17_walk,walk
s_clean_single,750,750,749,1,1,99.86666666666666,99.86666666666666,s17_walk,walk
s_clean_dual,750,750,749,1,1,99.86666666666666,99.86666666666666,s17_walk,walk
s_raw_uncal,727,727,725,2,2,99.72489683631362,99.72489683631362,s18_run,run
s_obs,727,728,721,7,6,99.17469050894086,99.03846153846153,s18_run,run
s_clean_single,727,727,725,2,2,99.72489683631362,99.72489683631362,s18_run,run
s_clean_dual,727,727,725,2,2,99.72489683631362,99.72489683631362,s18_run,run
s_raw_uncal,616,616,616,0,0,100.0,100.0,s18_sit,sit
s_obs,616,616,616,0,0,100.0,100.0,s18_sit,sit
s_clean_single,616,616,616,0,0,100.0,100.0,s18_sit,sit
s_clean_dual,616,616,616,0,0,100.0,100.0,s18_sit,sit
s_raw_uncal,775,775,774,1,1,99.87096774193549,99.87096774193549,s18_walk,walk
s_obs,775,775,774,1,1,99.87096774193549,99.87096774193549,s18_walk,walk
s_clean_single,775,775,773,2,2,99.74193548387096,99.74193548387096,s18_walk,walk
s_clean_dual,775,775,774,1,1,99.87096774193549,99.87096774193549,s18_walk,walk
s_raw_uncal,819,819,818,1,1,99.87789987789988,99.87789987789988,s19_run,run
s_obs,819,819,819,0,0,100.0,100.0,s19_run,run
s_clean_single,819,819,819,0,0,100.0,100.0,s19_run,run
s_clean_dual,819,819,819,0,0,100.0,100.0,s19_run,run
s_raw_uncal,679,678,678,0,1,99.85272459499264,100.0,s19_sit,sit
s_obs,679,678,678,0,1,99.85272459499264,100.0,s19_sit,sit
s_clean_single,679,678,678,0,1,99.85272459499264,100.0,s19_sit,sit
s_clean_dual,679,678,677,1,2,99.70544918998527,99.85250737463127,s19_sit,sit
s_raw_uncal,772,770,770,0,2,99.74093264248705,100.0,s19_walk,walk
s_obs,772,770,770,0,2,99.74093264248705,100.0,s19_walk,walk
s_clean_single,772,770,770,0,2,99.74093264248705,100.0,s19_walk,walk
s_clean_dual,772,770,770,0,2,99.74093264248705,100.0,s19_walk,walk
s_raw_uncal,659,658,651,7,8,98.78603945371775,98.93617021276596,s1_run,run
s_obs,659,658,650,8,9,98.63429438543247,98.78419452887537,s1_run,run
s_clean_single,659,663,652,11,7,98.93778452200303,98.34087481146305,s1_run,run
s_clean_dual,659,657,655,2,4,99.39301972685888,99.69558599695586,s1_run,run
s_raw_uncal,613,613,613,0,0,100.0,100.0,s1_sit,sit
s_obs,613,613,613,0,0,100.0,100.0,s1_sit,sit
s_clean_single,613,613,613,0,0,100.0,100.0,s1_sit,sit
s_clean_dual,613,613,613,0,0,100.0,100.0,s1_sit,sit
s_raw_uncal,767,769,736,33,31,95.95827900912647,95.70871261378413,s1_walk,walk
s_obs,767,769,744,25,23,97.0013037809648,96.74902470741222,s1_walk,walk
s_clean_single,767,767,743,24,24,96.870925684485,96.870925684485,s1_walk,walk
s_clean_dual,767,767,747,20,20,97.39243807040417,97.39243807040417,s1_walk,walk
s_raw_uncal,751,751,735,16,16,97.86950732356857,97.86950732356857,s20_run,run
s_obs,751,752,738,14,13,98.26897470039947,98.13829787234043,s20_run,run
s_clean_single,751,752,736,16,15,98.00266311584554,97.87234042553192,s20_run,run
s_clean_dual,751,751,738,13,13,98.26897470039947,98.26897470039947,s20_run,run
s_raw_uncal,646,646,646,0,0,100.0,100.0,s20_sit,sit
s_obs,646,646,646,0,0,100.0,100.0,s20_sit,sit
s_clean_single,646,646,646,0,0,100.0,100.0,s20_sit,sit
s_clean_dual,646,646,646,0,0,100.0,100.0,s20_sit,sit
s_raw_uncal,703,703,702,1,1,99.85775248933143,99.85775248933143,s20_walk,walk
s_obs,703,703,702,1,1,99.85775248933143,99.85775248933143,s20_walk,walk
s_clean_single,703,703,702,1,1,99.85775248933143,99.85775248933143,s20_walk,walk
s_clean_dual,703,703,702,1,1,99.85775248933143,99.85775248933143,s20_walk,walk
s_raw_uncal,746,746,746,0,0,100.0,100.0,s21_run,run
s_obs,746,746,746,0,0,100.0,100.0,s21_run,run
s_clean_single,746,746,746,0,0,100.0,100.0,s21_run,run
s_clean_dual,746,746,746,0,0,100.0,100.0,s21_run,run
s_raw_uncal,633,632,632,0,1,99.84202211690364,100.0,s21_sit,sit
s_obs,633,632,632,0,1,99.84202211690364,100.0,s21_sit,sit
s_clean_single,633,632,632,0,1,99.84202211690364,100.0,s21_sit,sit
s_clean_dual,633,632,632,0,1,99.84202211690364,100.0,s21_sit,sit
s_raw_uncal,744,744,744,0,0,100.0,100.0,s21_walk,walk
s_obs,744,744,744,0,0,100.0,100.0,s21_walk,walk
s_clean_single,744,744,744,0,0,100.0,100.0,s21_walk,walk
s_clean_dual,744,744,744,0,0,100.0,100.0,s21_walk,walk
s_raw_uncal,795,795,791,4,4,99.49685534591195,99.49685534591195,s22_run,run
s_obs,795,795,792,3,3,99.62264150943396,99.62264150943396,s22_run,run
s_clean_single,795,795,791,4,4,99.49685534591195,99.49685534591195,s22_run,run
s_clean_dual,795,795,791,4,4,99.49685534591195,99.49685534591195,s22_run,run
s_raw_uncal,657,658,657,1,0,100.0,99.84802431610942,s22_sit,sit
s_obs,657,658,657,1,0,100.0,99.84802431610942,s22_sit,sit
s_clean_single,657,658,657,1,0,100.0,99.84802431610942,s22_sit,sit
s_clean_dual,657,658,657,1,0,100.0,99.84802431610942,s22_sit,sit
s_raw_uncal,781,780,778,2,3,99.61587708066581,99.74358974358974,s22_walk,walk
s_obs,781,780,778,2,3,99.61587708066581,99.74358974358974,s22_walk,walk
s_clean_single,781,780,777,3,4,99.48783610755441,99.61538461538461,s22_walk,walk
s_clean_dual,781,780,778,2,3,99.61587708066581,99.74358974358974,s22_walk,walk
s_raw_uncal,1148,1146,1146,0,2,99.82578397212544,100.0,s2_run,run
s_obs,1148,1146,1146,0,2,99.82578397212544,100.0,s2_run,run
s_clean_single,1148,1147,1147,0,1,99.91289198606272,100.0,s2_run,run
s_clean_dual,1148,1146,1146,0,2,99.82578397212544,100.0,s2_run,run
s_raw_uncal,991,990,990,0,1,99.89909182643794,100.0,s2_sit,sit
s_obs,991,990,990,0,1,99.89909182643794,100.0,s2_sit,sit
s_clean_single,991,990,990,0,1,99.89909182643794,100.0,s2_sit,sit
s_clean_dual,991,990,990,0,1,99.89909182643794,100.0,s2_sit,sit
s_raw_uncal,1073,1072,1072,0,1,99.90680335507922,100.0,s2_walk,walk
s_obs,1073,1072,1072,0,1,99.90680335507922,100.0,s2_walk,walk
s_clean_single,1073,1072,1071,1,2,99.81360671015844,99.90671641791045,s2_walk,walk
s_clean_dual,1073,1072,1072,0,1,99.90680335507922,100.0,s2_walk,walk
s_raw_uncal,688,688,687,1,1,99.8546511627907,99.8546511627907,s3_run,run
s_obs,688,688,687,1,1,99.8546511627907,99.8546511627907,s3_run,run
s_clean_single,688,688,687,1,1,99.8546511627907,99.8546511627907,s3_run,run
s_clean_dual,688,688,687,1,1,99.8546511627907,99.8546511627907,s3_run,run
s_raw_uncal,603,603,603,0,0,100.0,100.0,s3_sit,sit
s_obs,603,603,603,0,0,100.0,100.0,s3_sit,sit
s_clean_single,603,603,603,0,0,100.0,100.0,s3_sit,sit
s_clean_dual,603,603,603,0,0,100.0,100.0,s3_sit,sit
s_raw_uncal,703,703,702,1,1,99.85775248933143,99.85775248933143,s3_walk,walk
s_obs,703,703,702,1,1,99.85775248933143,99.85775248933143,s3_walk,walk
s_clean_single,703,703,702,1,1,99.85775248933143,99.85775248933143,s3_walk,walk
s_clean_dual,703,703,702,1,1,99.85775248933143,99.85775248933143,s3_walk,walk
s_raw_uncal,738,737,736,1,2,99.7289972899729,99.86431478968792,s4_run,run
s_obs,738,737,735,2,3,99.59349593495935,99.72862957937585,s4_run,run
s_clean_single,738,737,735,2,3,99.59349593495935,99.72862957937585,s4_run,run
s_clean_dual,738,737,735,2,3,99.59349593495935,99.72862957937585,s4_run,run
s_raw_uncal,681,681,681,0,0,100.0,100.0,s4_sit,sit
s_obs,681,681,681,0,0,100.0,100.0,s4_sit,sit
s_clean_single,681,681,681,0,0,100.0,100.0,s4_sit,sit
s_clean_dual,681,681,681,0,0,100.0,100.0,s4_sit,sit
s_raw_uncal,737,736,736,0,1,99.86431478968792,100.0,s4_walk,walk
s_obs,737,736,736,0,1,99.86431478968792,100.0,s4_walk,walk
s_clean_single,737,736,736,0,1,99.86431478968792,100.0,s4_walk,walk
s_clean_dual,737,736,736,0,1,99.86431478968792,100.0,s4_walk,walk
s_raw_uncal,863,863,863,0,0,100.0,100.0,s5_run,run
s_obs,863,863,863,0,0,100.0,100.0,s5_run,run
s_clean_single,863,863,862,1,1,99.88412514484357,99.88412514484357,s5_run,run
s_clean_dual,863,863,863,0,0,100.0,100.0,s5_run,run
s_raw_uncal,638,638,635,3,3,99.52978056426332,99.52978056426332,s5_sit,sit
s_obs,638,638,635,3,3,99.52978056426332,99.52978056426332,s5_sit,sit
s_clean_single,638,636,635,1,3,99.52978056426332,99.84276729559748,s5_sit,sit
s_clean_dual,638,638,635,3,3,99.52978056426332,99.52978056426332,s5_sit,sit
s_raw_uncal,748,747,747,0,1,99.8663101604278,100.0,s5_walk,walk
s_obs,748,747,747,0,1,99.8663101604278,100.0,s5_walk,walk
s_clean_single,748,747,747,0,1,99.8663101604278,100.0,s5_walk,walk
s_clean_dual,748,748,747,1,1,99.8663101604278,99.8663101604278,s5_walk,walk
s_raw_uncal,745,745,743,2,2,99.73154362416108,99.73154362416108,s6_run,run
s_obs,745,745,743,2,2,99.73154362416108,99.73154362416108,s6_run,run
s_clean_single,745,745,743,2,2,99.73154362416108,99.73154362416108,s6_run,run
s_clean_dual,745,745,743,2,2,99.73154362416108,99.73154362416108,s6_run,run
s_raw_uncal,643,643,643,0,0,100.0,100.0,s6_sit,sit
s_obs,643,643,643,0,0,100.0,100.0,s6_sit,sit
s_clean_single,643,643,643,0,0,100.0,100.0,s6_sit,sit
s_clean_dual,643,643,643,0,0,100.0,100.0,s6_sit,sit
s_raw_uncal,722,721,721,0,1,99.86149584487535,100.0,s6_walk,walk
s_obs,722,721,721,0,1,99.86149584487535,100.0,s6_walk,walk
s_clean_single,722,721,721,0,1,99.86149584487535,100.0,s6_walk,walk
s_clean_dual,722,721,721,0,1,99.86149584487535,100.0,s6_walk,walk
s_raw_uncal,688,691,675,16,13,98.11046511627907,97.68451519536903,s7_run,run
s_obs,688,690,678,12,10,98.54651162790698,98.26086956521739,s7_run,run
s_clean_single,688,691,681,10,7,98.98255813953489,98.55282199710564,s7_run,run
s_clean_dual,688,691,679,12,9,98.69186046511628,98.26338639652677,s7_run,run
s_raw_uncal,544,544,544,0,0,100.0,100.0,s7_sit,sit
s_obs,544,544,544,0,0,100.0,100.0,s7_sit,sit
s_clean_single,544,544,544,0,0,100.0,100.0,s7_sit,sit
s_clean_dual,544,544,544,0,0,100.0,100.0,s7_sit,sit
s_raw_uncal,638,640,637,3,1,99.84326018808777,99.53125,s7_walk,walk
s_obs,638,640,637,3,1,99.84326018808777,99.53125,s7_walk,walk
s_clean_single,638,639,637,2,1,99.84326018808777,99.68701095461658,s7_walk,walk
s_clean_dual,638,639,638,1,0,100.0,99.8435054773083,s7_walk,walk
s_raw_uncal,724,724,723,1,1,99.86187845303867,99.86187845303867,s8_run,run
s_obs,724,724,724,0,0,100.0,100.0,s8_run,run
s_clean_single,724,724,723,1,1,99.86187845303867,99.86187845303867,s8_run,run
s_clean_dual,724,724,724,0,0,100.0,100.0,s8_run,run
s_raw_uncal,698,698,698,0,0,100.0,100.0,s8_sit,sit
s_obs,698,698,698,0,0,100.0,100.0,s8_sit,sit
s_clean_single,698,698,698,0,0,100.0,100.0,s8_sit,sit
s_clean_dual,698,698,698,0,0,100.0,100.0,s8_sit,sit
s_raw_uncal,713,712,709,3,4,99.4389901823282,99.57865168539325,s8_walk,walk
s_obs,713,712,709,3,4,99.4389901823282,99.57865168539325,s8_walk,walk
s_clean_single,713,712,709,3,4,99.4389901823282,99.57865168539325,s8_walk,walk
s_clean_dual,713,712,709,3,4,99.4389901823282,99.57865168539325,s8_walk,walk
s_raw_uncal,671,672,670,2,1,99.85096870342772,99.70238095238095,s9_run,run
s_obs,671,671,670,1,1,99.85096870342772,99.85096870342772,s9_run,run
s_clean_single,671,670,669,1,2,99.70193740685544,99.85074626865672,s9_run,run
s_clean_dual,671,670,669,1,2,99.70193740685544,99.85074626865672,s9_run,run
s_raw_uncal,557,560,555,5,2,99.64093357271095,99.10714285714286,s9_sit,sit
s_obs,557,557,556,1,1,99.82046678635548,99.82046678635548,s9_sit,sit
s_clean_single,557,558,556,2,1,99.82046678635548,99.6415770609319,s9_sit,sit
s_clean_dual,557,557,556,1,1,99.82046678635548,99.82046678635548,s9_sit,sit
s_raw_uncal,620,636,602,34,18,97.09677419354838,94.65408805031447,s9_walk,walk
s_obs,620,636,604,32,16,97.41935483870968,94.96855345911949,s9_walk,walk
s_clean_single,620,637,607,30,13,97.90322580645162,95.29042386185243,s9_walk,walk
s_clean_dual,620,634,605,29,15,97.58064516129032,95.42586750788644,s9_walk,walk
