File,L_taps,mu,tau_v_samples,tau_q_samples,W_X,W_Y,W_Z,BPR_Single_dB,BPR_Dual_dB,BPR_gain_dB,MSE_BL_Single,MSE_BL_Dual,PCC_Single,PCC_Dual,Retention_Single_%,Retention_Dual_%,Retention_gain_pp
s10_sit.csv,1,0.05,-101,40,0.2325103371032325,0.33415286937873845,0.4333367935180291,2.8959050703801923,2.0030623089633894,-0.8928427614168029,0.0012939094540893893,0.0015892351510176299,0.8514755565459488,0.8271938976790477,100.0,100.0,0.0
s10_walk.csv,1,0.05,23,150,0.2980700795884206,0.3509649602057897,0.3509649602057897,4.470325833460712,4.064152167728116,-0.40617366573259606,0.002388245929972687,0.0026223847633669015,0.8440037833184958,0.8473107255634066,100.0,100.0,0.0
s10_run.csv,1,0.05,4,-78,0.13081191421781935,0.5046881507884196,0.36449993499376104,3.8681692935809635,3.8286976248209075,-0.03947166876005603,0.005810474164737598,0.0058635244628984125,0.8061508504883387,0.8119684886698834,99.87937273823884,99.87937273823884,0.0
s10_sit.csv,16,0.05,-101,40,0.2325103371032325,0.33415286937873845,0.4333367935180291,1.3189285940684805,1.6392595468868563,0.32033095281837576,0.001860379451024207,0.0017280982823530096,0.7774435912216484,0.796967554910399,99.50331125827815,100.0,0.4966887417218544
s10_walk.csv,16,0.05,23,150,0.2980700795884206,0.3509649602057897,0.3509649602057897,1.5442785690572578,4.411973479527209,2.867694910469951,0.004684721446306933,0.0024205512464419393,0.7927419881424496,0.8403516261603369,100.0,100.0,0.0
s10_run.csv,16,0.05,4,-78,0.13081191421781935,0.5046881507884196,0.36449993499376104,1.315030997150557,3.6649100802776777,2.349879083127121,0.010459848738779276,0.0060888811329363945,0.7623104629872164,0.8087176919305249,99.87937273823884,99.87937273823884,0.0
s10_sit.csv,64,0.05,-101,40,0.2325103371032325,0.33415286937873845,0.4333367935180291,2.298123000427019,3.347927061899047,1.0498040614720283,0.0014848483241035482,0.0011660084209102507,0.7986763584788639,0.8072369237261049,100.0,100.0,0.0
s10_walk.csv,64,0.05,23,150,0.2980700795884206,0.3509649602057897,0.3509649602057897,1.01667664401612,5.561631778998493,4.544955134982373,0.005289857406493529,0.0018575839572564398,0.8106863366232795,0.8528250937009216,100.0,100.0,0.0
s10_run.csv,64,0.05,4,-78,0.13081191421781935,0.5046881507884196,0.36449993499376104,0.24089608703465237,3.4264668049041274,3.185570717869475,0.013394882095405784,0.00643253004501763,0.8169910220156629,0.8419770868526536,99.87937273823884,99.87937273823884,0.0
s10_sit.csv,128,0.05,-101,40,0.2325103371032325,0.33415286937873845,0.4333367935180291,2.2267954573022393,4.101512453649282,1.874716996347043,0.0015094364996677296,0.0009802642124195457,0.8115443331177407,0.8134776691317575,100.0,100.0,0.0
s10_walk.csv,128,0.05,23,150,0.2980700795884206,0.3509649602057897,0.3509649602057897,2.3715883503407515,7.11294254753425,4.741354197193498,0.003872155545230424,0.001299622958393914,0.8406207834159346,0.8636074954524591,100.0,100.0,0.0
s10_run.csv,128,0.05,4,-78,0.13081191421781935,0.5046881507884196,0.36449993499376104,1.806795182664119,4.1790020124648395,2.3722068298007204,0.009340045365209831,0.005409141003492568,0.843714996569921,0.8564479581228178,99.87937273823884,99.87937273823884,0.0
s10_sit.csv,256,0.05,-101,40,0.2325103371032325,0.33415286937873845,0.4333367935180291,2.300331136984447,4.410957389487901,2.1106262525034545,0.0014840935564010348,0.0009128483902509523,0.8231691772457912,0.8252888117684483,100.0,100.0,0.0
s10_walk.csv,256,0.05,23,150,0.2980700795884206,0.3509649602057897,0.3509649602057897,4.905116726744248,9.082971746188724,4.1778550194444755,0.0021607272892091803,0.0008256851135509177,0.8583171820137693,0.8664123596516312,100.0,100.0,0.0
s10_run.csv,256,0.05,4,-78,0.13081191421781935,0.5046881507884196,0.36449993499376104,4.107287662977587,5.243259930753261,1.1359722677756743,0.005499202820860032,0.004233528724113436,0.8690092787772279,0.8646130385273414,99.87937273823884,99.87937273823884,0.0
s10_sit.csv,1,0.1,-101,40,0.2325103371032325,0.33415286937873845,0.4333367935180291,4.853352393434537,5.102068110450217,0.2487157170156804,0.0008244401878923532,0.0007785519232387033,0.7379399639071154,0.7049467069241839,100.0,100.0,0.0
s10_walk.csv,1,0.1,23,150,0.2980700795884206,0.3509649602057897,0.3509649602057897,7.8292817288705985,5.604672827021192,-2.2246089018494066,0.0011020047248124542,0.0018392651706705062,0.7491877025965078,0.7307367454284721,100.0,100.0,0.0
s10_run.csv,1,0.1,4,-78,0.13081191421781935,0.5046881507884196,0.36449993499376104,7.331498052428159,5.276954406164878,-2.054543646263282,0.0026174518336433417,0.004200810233205132,0.7188291409657679,0.6953010898046799,99.87937273823884,99.87937273823884,0.0
s10_sit.csv,16,0.1,-101,40,0.2325103371032325,0.33415286937873845,0.4333367935180291,2.5014580921207092,3.6955474328174054,1.1940893406966961,0.0014169306148149093,0.0010763156367967646,0.6364187629230851,0.6699533492456322,98.84105960264901,100.0,1.1589403973509889
s10_walk.csv,16,0.1,23,150,0.2980700795884206,0.3509649602057897,0.3509649602057897,2.931336953328731,5.836074637632289,2.904737684303558,0.003403908946804008,0.001743830084447235,0.6894306896809093,0.7196313383765836,99.85875706214689,100.0,0.14124293785310726
s10_run.csv,16,0.1,4,-78,0.13081191421781935,0.5046881507884196,0.36449993499376104,2.3336354940411197,4.738022655332569,2.404387161291449,0.0082730367682674,0.004755829082475738,0.6570097442333126,0.6902944928789783,99.75874547647769,99.87937273823884,0.12062726176115746
s10_sit.csv,64,0.1,-101,40,0.2325103371032325,0.33415286937873845,0.4333367935180291,4.062689216920448,4.771975919394393,0.7092867024739453,0.0009890664519944777,0.0008400338776040476,0.6686444542066337,0.6823076130953101,99.66887417218543,100.0,0.33112582781457434
s10_walk.csv,64,0.1,23,150,0.2980700795884206,0.3509649602057897,0.3509649602057897,1.274573491768378,6.659310879476916,5.384737387708538,0.004984875092773143,0.0014427149813054222,0.6902897667120437,0.7327781836063795,100.0,100.0,0.0
s10_run.csv,64,0.1,4,-78,0.13081191421781935,0.5046881507884196,0.36449993499376104,-0.038514814996022904,4.505506751924507,4.54402156692053,0.014284991470838178,0.005017389639144961,0.698397104861998,0.7229388675390678,99.87937273823884,99.87937273823884,0.0
s10_sit.csv,128,0.1,-101,40,0.2325103371032325,0.33415286937873845,0.4333367935180291,3.8571095236152413,5.638739587545121,1.7816300639298799,0.001037011185144327,0.0006880506890050847,0.6863463585624314,0.6942321008357344,100.0,100.0,0.0
s10_walk.csv,128,0.1,23,150,0.2980700795884206,0.3509649602057897,0.3509649602057897,2.935007592301528,9.017028289311288,6.08202069700976,0.0034010331925191342,0.0008383180176334125,0.7201929791538378,0.7439176859871153,100.0,100.0,0.0
s10_run.csv,128,0.1,4,-78,0.13081191421781935,0.5046881507884196,0.36449993499376104,2.1571270466665857,5.670267128500491,3.5131400818339054,0.008616200554290248,0.0038370882786100827,0.7238516498608808,0.7368213825376451,99.87937273823884,99.87937273823884,0.0
s10_sit.csv,256,0.1,-101,40,0.2325103371032325,0.33415286937873845,0.4333367935180291,4.063514268739854,5.960682789511576,1.8971685207717224,0.0009888785717421073,0.0006388900342694774,0.6992231128465153,0.7072367180344041,100.0,100.0,0.0
s10_walk.csv,256,0.1,23,150,0.2980700795884206,0.3509649602057897,0.3509649602057897,6.099210339061445,11.451036269132992,5.351825930071547,0.0016413099248916137,0.000478638911305609,0.7396077323291002,0.747072450805248,100.0,100.0,0.0
s10_run.csv,256,0.1,4,-78,0.13081191421781935,0.5046881507884196,0.36449993499376104,5.862199991100637,7.091298410874002,1.229098419773365,0.003671203888749155,0.0027662960887776893,0.745008805815855,0.7427841776777364,99.87937273823884,99.87937273823884,0.0
s10_sit.csv,1,0.3,-101,40,0.2325103371032325,0.33415286937873845,0.4333367935180291,7.944124789117421,9.585421267715587,1.641296478598166,0.0004046522070740924,0.00027730152958243285,0.4608839009523487,0.3970160287137151,100.0,99.83443708609272,-0.16556291390728006
s10_walk.csv,1,0.3,23,150,0.2980700795884206,0.3509649602057897,0.3509649602057897,12.816664276995905,8.12070455327287,-4.6959597237230355,0.00034949840723686056,0.0010304838126993592,0.47363627969545613,0.4061187097937353,100.0,100.0,0.0
s10_run.csv,1,0.3,4,-78,0.13081191421781935,0.5046881507884196,0.36449993499376104,12.832312601140323,6.772205455025755,-6.060107146114568,0.0007375598091056818,0.0029771996433654705,0.4663550003180398,0.3805435698345643,99.63811821471653,99.87937273823884,0.2412545235223149
s10_sit.csv,16,0.3,-101,40,0.2325103371032325,0.33415286937873845,0.4333367935180291,2.7447869304801067,5.8662757321609496,3.121488801680843,0.0013397251187018317,0.0006529302948431116,0.30885174582261216,0.34882409688363797,97.01986754966887,99.50331125827815,2.483443708609272
s10_walk.csv,16,0.3,23,150,0.2980700795884206,0.3509649602057897,0.3509649602057897,3.4124517771215714,8.70430719613546,5.2918554190138885,0.00304695788863184,0.0009009089672797285,0.38345553512523534,0.3941149355484715,99.57627118644068,100.0,0.4237288135593218
s10_run.csv,16,0.3,4,-78,0.13081191421781935,0.5046881507884196,0.36449993499376104,2.5235381317576433,6.383678356799499,3.8601402250418557,0.007919079277990328,0.0032558221102503638,0.3693797220474871,0.3772270693300337,99.39686369119421,99.87937273823884,0.4825090470446298
s10_sit.csv,64,0.3,-101,40,0.2325103371032325,0.33415286937873845,0.4333367935180291,6.883417281306704,8.045433258395898,1.1620159770891938,0.0005165979334135235,0.0003953220752473919,0.3448482603933028,0.3735210531381026,99.50331125827815,100.0,0.4966887417218544
s10_walk.csv,64,0.3,23,150,0.2980700795884206,0.3509649602057897,0.3509649602057897,3.188577468902003,9.17382527324126,5.985247804339257,0.003208144215036292,0.0008085913702151717,0.3727945252120555,0.4067106998331673,99.85875706214689,100.0,0.14124293785310726
s10_run.csv,64,0.3,4,-78,0.13081191421781935,0.5046881507884196,0.36449993499376104,0.7438810338091785,7.582353616284042,6.838472582474863,0.011929998814871539,0.002470547123802815,0.38476672014277846,0.4054856871456082,99.87937273823884,99.87937273823884,0.0
s10_sit.csv,128,0.3,-101,40,0.2325103371032325,0.33415286937873845,0.4333367935180291,6.904044208117844,8.306168377764449,1.402124169646605,0.0005141501558848505,0.00037228672851939243,0.37105764298975025,0.39427789344542696,100.0,100.0,0.0
s10_walk.csv,128,0.3,23,150,0.2980700795884206,0.3509649602057897,0.3509649602057897,5.18389377099385,12.9108469095541,7.72695313856025,0.0020263863555207784,0.000342000654828438,0.39761273566289596,0.4169913122374191,100.0,100.0,0.0
s10_run.csv,128,0.3,4,-78,0.13081191421781935,0.5046881507884196,0.36449993499376104,4.270304461844013,9.05510082248073,4.784796360636717,0.005296610750509135,0.0017600233170498047,0.4061220924941729,0.4149578685730852,99.87937273823884,99.87937273823884,0.0
s10_sit.csv,256,0.3,-101,40,0.2325103371032325,0.33415286937873845,0.4333367935180291,7.17342965923573,9.442617530104156,2.2691878708684268,0.00048322726084398435,0.00028657126378879046,0.3900398589440644,0.405516938829274,100.0,100.0,0.0
s10_walk.csv,256,0.3,23,150,0.2980700795884206,0.3509649602057897,0.3509649602057897,9.481072917184918,16.018406056820513,6.537333139635596,0.0007533630879350883,0.00016721337841578695,0.41731496711968785,0.419197578371385,100.0,100.0,0.0
s10_run.csv,256,0.3,4,-78,0.13081191421781935,0.5046881507884196,0.36449993499376104,10.01132334750201,11.25731413590109,1.2459907883990802,0.0014121998755514226,0.0010599785819405115,0.41734808154565267,0.41863741921969055,99.87937273823884,99.87937273823884,0.0
s10_sit.csv,1,0.5,-101,40,0.2325103371032325,0.33415286937873845,0.4333367935180291,9.404358511985116,10.976031177812004,1.5716726658268882,0.00028910695581229316,0.00020132201731821236,0.3360362393471721,0.2521013184210924,100.0,99.66887417218543,-0.33112582781457434
s10_walk.csv,1,0.5,23,150,0.2980700795884206,0.3509649602057897,0.3509649602057897,14.606684403926275,9.213006024353948,-5.393678379572327,0.00023144254035284382,0.0008013293076895387,0.3405171122139038,0.2451547889802104,99.43502824858757,99.71751412429379,0.28248587570621453
s10_run.csv,1,0.5,4,-78,0.13081191421781935,0.5046881507884196,0.36449993499376104,14.930627292393186,7.38950234284501,-7.541124949548176,0.0004549522044766658,0.002582725613097196,0.34622905432636036,0.22778470351309899,99.1556091676719,99.63811821471653,0.4825090470446298
s10_sit.csv,16,0.5,-101,40,0.2325103371032325,0.33415286937873845,0.4333367935180291,2.2240268432377888,6.68187365636075,4.457846813122961,0.0015103990676135215,0.0005411367475493488,0.16774633775623202,0.199559356362413,94.20529801324503,98.17880794701986,3.973509933774835
s10_walk.csv,16,0.5,23,150,0.2980700795884206,0.3509649602057897,0.3509649602057897,3.3277720218860396,10.22687494273942,6.89910292085338,0.0031069511680123516,0.0006344890549931338,0.22900763622622058,0.23621197823854728,98.72881355932203,100.0,1.2711864406779654
s10_run.csv,16,0.5,4,-78,0.13081191421781935,0.5046881507884196,0.36449993499376104,2.2296853250286683,7.538486572561615,5.308801247532946,0.008473444152000456,0.0024956279822406884,0.2294178379976759,0.2278736506522483,98.06996381182147,99.87937273823884,1.809408926417376
s10_sit.csv,64,0.5,-101,40,0.2325103371032325,0.33415286937873845,0.4333367935180291,8.297898441232721,9.712945117378247,1.4150466761455256,0.0003729963209651124,0.00026927738436610064,0.19863191026648644,0.2310766850338475,99.00662251655629,100.0,0.9933774834437088
s10_walk.csv,64,0.5,23,150,0.2980700795884206,0.3509649602057897,0.3509649602057897,4.5831200355819215,11.346467856408236,6.763347820826314,0.0023270173753298226,0.0004903033304954688,0.21702555272235616,0.246517760502941,99.85875706214689,100.0,0.14124293785310726
s10_run.csv,64,0.5,4,-78,0.13081191421781935,0.5046881507884196,0.36449993499376104,1.913486935767095,9.421809443803653,7.508322508036558,0.009113386944163606,0.0016175121787695079,0.23460576616477472,0.2516748034210917,99.75874547647769,99.75874547647769,0.0
s10_sit.csv,128,0.5,-101,40,0.2325103371032325,0.33415286937873845,0.4333367935180291,8.686125756961872,10.080681977533612,1.3945562205717401,0.0003411000762585278,0.00024741509568026527,0.22407173574787775,0.25191262635911504,100.0,100.0,0.0
s10_walk.csv,128,0.5,23,150,0.2980700795884206,0.3509649602057897,0.3509649602057897,7.138214937285152,15.433521490138238,8.295306552853086,0.0012920821767073846,0.00019131960631665364,0.24082570976081075,0.25553449223080427,100.0,100.0,0.0
s10_run.csv,128,0.5,4,-78,0.13081191421781935,0.5046881507884196,0.36449993499376104,5.891306029795827,11.090236202684672,5.198930172888844,0.00364668206273302,0.0011015516955089873,0.25405457524961134,0.25932822903238806,99.87937273823884,99.87937273823884,0.0
s10_sit.csv,256,0.5,-101,40,0.2325103371032325,0.33415286937873845,0.4333367935180291,9.382552577427333,12.098640251899237,2.716087674471904,0.0002905622127831327,0.00015546418894501446,0.24552478321677798,0.26050710448898434,100.0,100.0,0.0
s10_walk.csv,256,0.5,23,150,0.2980700795884206,0.3509649602057897,0.3509649602057897,12.045697350996491,19.149077723135115,7.1033803721386235,0.00041738985952514626,8.132121377754924e-05,0.25866284969170694,0.25681833747396654,100.0,100.0,0.0
s10_run.csv,256,0.5,4,-78,0.13081191421781935,0.5046881507884196,0.36449993499376104,12.246313110318019,13.728586073449723,1.4822729631317042,0.0008441063986455056,0.0006000257602526266,0.25837979198840705,0.2610288523353288,99.87937273823884,99.87937273823884,0.0
